iter	Logloss
0	0.4404736611
1	0.5597708213
2	0.6724728757
